,,,,,,,,,,,,,,,,,,,,,,,,YT Comments
,,,,,,,,,,,,,,,,,,,,,,,,Please keep titles and color formatting in line with standalone results
,,,,,,,,,,,,,,,,,,,,,,,,Please use same font and size for standalone and consolidated results
,,,,,,,,,,,,,,,,,,,,,,,,
,,,,,,,,,,,,,,,,,,,,,,,,
,,,,,,,,,,,,,,,,,,,,,,,,
,INFOBEANS TECHNOLOGIES LIMITED,,,,,,,,,,,,,,,,,,,,,,,
,CIN - L72200MP2011PLC025622,,,,,,,,,,,,,,,,,,,,,,,
,"Registered Office -	Crystal IT Park, STP-I 2nd Floor, Ring Road, Indore MP 452001 IN",,,,,,,,,,,,,,,,,,,,,,,
,"Website : www.infobeans.com, Email : investor.relations@infobeans.com, Contact No. : 0731 - 7162000, 2102",,,,,,,,,,,,,,,,,,,,,,,
,,,,,,,,,,,,,,,,,,,,,,,,
,,INFOBEANS TECHNOLOGIES LIMITED,,,,,,,,,,,,,,,,,,,,,,
,,,,,,,,,,,,,,,,,,,,,,,,
,,Statement of audited standalone Cash Flows for the year ended 31 March 2023,,,,,,,,,,,,,,,,,,,,,,
,Particulars,,,,,,,,,,,,,,,,,,,,,,,
,,,,,,,,For the year ended 31 March  2023,For the year ended 31 March  2023,For the year ended 31 March  2023,For the year ended 31 March  2023,,,,,,,,,,,,,
,,,,,,,, (Audited) ,, (Audited) ,,,,,,,,,,,,,,
,,,,,,,,,,,,,,,,,,,,,,,,
,,A,Cash flow from operating activities,,,,,,,,,,,,,,,,,,,,,
,,,Profit before tax ,,,,,,4509,,3142,,,,,,,,,,,,,
,,,Adjustments for:,,,,,,,,,,,,,,,,,,,,,
,,,Add / (Less),,,,,,,,,,,,,,,,,,,,,
,,,Depreciation and amortisation expenses,,,,,693,,595,,,,,,,,,,,,,,
,,,Loss/(Gain) on sale of investments,,,,, (37),, (97),,,,,,,,,,,,,,
,,,Profit on redemption of mutual funds,,,,, -   ,, (62),,,,,,,,,,,,,,
,,,Unrealised foreign exchange gain,,,,, (5),, -   ,,,,,,,,,,,,,,
,,,Finance Cost,,,,,642,,242,,,,,,,,,,,,,,
,,,Interest income on fixed deposits,,,,, (63),, (64),,,,,,,,,,,,,,
,,,Interest income fixed income securities,,,,, (7),, (211),,,,,,,,,,,,,,
,,,Loss on Sale of PPE,,,,,5,, -   ,,,,,,,,,,,,,,
,,,Reduction in carrying value of deferred consideration (Refer note 4),,,,, (300),,,,,,,,,,,,,,,,
,,,Employee stock option expenses,,,,,213,,35,,,,,,,,,,,,,,
,,,,,,,,,,,,,,,,,,,,,,,,
,,,Operating profits before working capital changes,,,,,,5650,,3580,,,,,,,,,,,,,
,,,Adjustments for changes in:,,,,,,,,,,,,,,,,,,,,,
,,,Decrease / (increase) in other non current assets ,,,,, (2),,8,,,,,,,,,,,,,,
,,,Decrease / (increase) in other current assets ,,,,,36,, (50),,,,,,,,,,,,,,
,,,Decrease / (increase) in other financial assets ,,,,,31,, -   ,,,,,,,,,,,,,,
,,,Decrease / (increase) in trade receivables,,,,, (20),, (104),,,,,,,,,,,,,,
,,,Increase / (decrease) in non current financial liabilties,,,,, -   ,," (1,537)",,,,,,,,,,,,,,
,,,Increase / (decrease) in other current liabilities,,,,,343,,98,,,,,,,,,,,,,,
,,,Increase / (decrease) in long-term provisions,,,,,129,, (33),,,,,,,,,,,,,,
,,,Increase / (decrease) in short-term provisions,,,,,116,,180,,,,,,,,,,,,,,
,,,Increase / (decrease) in current financial liabilties,,,,, (37),, -   ,,,,,,,,,,,,,,
,,,Increase / (decrease) in trade payables,,,,, (138),, -   ,,,,,,,,,,,,,,
,,,,,,,,,,,,,,,,,,,,,,,,
,,,,,,,,,457,," (1,438)",,,,,,,,,,,,,
,,,Cash generated from operations,,,,,,6107,,2143,,,,,,,,,,,,,
,,,Taxes paid (net of refund),,,,,, (536),, (676),,,,,,,,,,,,,
,,,Net cash flow from operating activities,,,,,,5571,,1467,,,,,,,,,,,,,
,,,,,,,,,,,,,,,,,,,,,,,,
,,B,Cash flow from investing activities,,,,,,,,,,,,,,,,,,,,,
,,,,,,,,,,,,,,,,,,,,,,,,
,,,"Purchase of property, plant and equipment",,,,, (160),, (487),,,,,,,,,,,,,,
,,,"Disposal of property, plant & equipment",,,,, -   ,,3,,,,,,,,,,,,,,
,,,Purchase of intangibles,,,,, (4),, -   ,,,,,,,,,,,,,,
,,,Sale of equity shares of subsidiaries,,,,, -   ,, -   ,,,,,,,,,,,,,,
,,,Sale of preference shares of subsidiaries,,,,, -   ,, -   ,,,,,,,,,,,,,,
,,,Payment of consideration for investment in subsidiary,,,,," (4,562)",," (1,633)",,,,,,,,,,,,,,
,,,Investment in current investments,,,,, -   ,, -   ,,,,,,,,,,,,,,
,,,Proceeds from sale/ maturity of investments,,,,,6521,, (287),,,,,,,,,,,,,,
,,,Proceeds from sale/ maturity of deposits,,,,,770,,1100,,,,,,,,,,,,,,
,,,Investment in deposits,,,,," (1,121)",, (535),,,,,,,,,,,,,,
,,,Purchase of current investments,,,,," (6,482)",,1157,,,,,,,,,,,,,,
,,,Short-term deposits placed with banks,,,,, -   ,, -   ,,,,,,,,,,,,,,
,,,Redemption of investment in debentures,,,,, -   ,, -   ,,,,,,,,,,,,,,
,,,Dividend received on preference shares,,,,, -   ,, -   ,,,,,,,,,,,,,,
,,,Dividend received on equity shares,,,,, -   ,, -   ,,,,,,,,,,,,,,
,,,Interest received,,,,,65,,263,,,,,,,,,,,,,,
,,,,,,,,,,,,,,,,,,,,,,,,
,,,Net cash used in investing activities,,,,,," (4,973)",, (419),,,,,,,,,,,,,
,,,,,,,,,,,,,,,,,,,,,,,,
,,C,Cash flow from financing activities,,,,,,,,,,,,,,,,,,,,,
,,,,,,,,,,,,,,,,,,,,,,,,
,,,Cash flows from financing activities,,,,,,,,,,,,,,,,,,,,,
,,,Proceeds from issue of share capital,,,,,8,,15,,,,,,,,,,,,,,
,,,Repayment of borrowings,,,,, (1),, (4),,,,,,,,,,,,,,
,,,Repayment of interest on lease liabilities,,,,, (43),, (62),,,,,,,,,,,,,,
,,,Repayment of lease liabilities,,,,, (295),, (204),,,,,,,,,,,,,,
,,,Interest paid on working capital,,,,, (14),, (62),,,,,,,,,,,,,,
,,,Dividend Paid,,,,, (243),, (723),,,,,,,,,,,,,,
,,,Pending (OCI),,,,, -   ,, -   ,,,,,,,,,,,,,,
,,,,,,,,,,,,,,,,,,,,,,,,
,,,Net cash used in financing activities,,,,,, (590),," (1,039)",,,,,,,,,,,,,
,,,Net increase/ (decrease) in Cash and Cash Equivalents (A+B+C),,,,,,8,,9,,,,,,,,,,,,,
,,,,,,,,,,,,,,,,,,,,,,,,
,,,Opening cash and cash equivalents,,,,,,671,,662,,,,,,,,,,,,,
,,,,,,,,,,,,,,,,,,,,,,,,
,,,Total,,,,,,671,,662,,,,,,,,,,,,,
,,,,,,,,,,,,,,,,,,,,,,,,
,,,Closing cash and cash equivalents,,,,,,680,,671,,,,,,,,,,,,,
,,,Net increase (Decrease) in Cash and Cash Equivalents,,,,,, (9.04),," (1,543.12)",,,,,,,,,,,,,
,,,Net increase (Decrease) in Cash and Cash Equivalents,,,,,,8.34,," (1,543.12)",,,,,,,,,,,,,
,,,,,,,,, (0.70),,,,,,,,,,,,,,,
,,,,,,,,,,,,,,,,,,,,,,,,
,,,,,,,,,,,,,,,,,,,,,,,,
,,SN,Particulars,,,,,"As at
 31 March  20223",,"As at
 31 March  2022",,,,,,,,,,,,,,
,,,Cash and cash equivalents consists of,,,,,,,,,,,,,,,,,,,,,
,,(i),Cash in hand,,,,,,1,,1,,,,,,,,,,,,,
,,(ii),Bank balances,,,,,,,,,,,,,,,,,,,,,
,,,  -  in current accounts,,,,,,559,,670,,,,,,,,,,,,,
,,,  -  in deposit accounts,,,,,,120,, -   ,,,,,,,,,,,,,
,,,,,,,,,,,,,,,,,,,,,,,,
,,,Bank overdraft,,,,,,,,,,,,,,,,,,,,,
,,,,,,,,,,,,,,,,,,,,,,,,
,,,,,,,,,680,,671,,,,,,,,,,,,,
,,,,,,,,,,,,,,,,,,,,,,,,
,,,,,,,,,,,,,,,,,,,,,,,,
,,Notes:,,,,,,,,,,,,,,,,,,,,,,
,,1,"The above Statement of Cash Flows has been prepared under the indirect method as set out in Ind AS 7 : on ""Statement of Cash Flows"".",,,,,,,,,,,,,,,,,,,,,
,,2,"Prior period comparatives have been reclassified to conform with current year's  presentation, where applicable.",,,,,,,,,,,,,,,,,,,,,
,,2,Figures in brackets represent out flow of Cash and cash equivalents.,,,,,,,,,,,,,,,,,,,,,
,,,,,,,,,,,,,,,,,,,,,,,,
,,Summary of significant accounting policies,,,,,,2,,,,,,,,,,,,,,,,
,,,,,,,,,,,,,,,,,,,,,,,,
,,The accompanying notes are an integral part of these consolidated financial statements,,,,,,,,,,,,,,,,,,,,,,
,,,,,,,,,,,,,,,,,,,,,,,,
,,As per our report of even date,,,,,,For and on behalf of the Board of Directors,,,,,,,,,,,,,,,,
,,,,,,,,,,,,,,,,,,,,,,,,
,,,,,,,,,,,,,,,,,,,,,,,,
,,,,,,,,,,,,,,,,,,,,,,,,
,,For S R B C & CO LLP,,,,,,,,,,,,,,,,,,,,,,
,,Chartered Accountants   ,,,,,,Chairman & Managing Director,,Whole Time Director,,,,,,,,,,,,,,
,,ICAI Firm Registration Number: 324982E/E300003,,,,,,,,,,,,,,,,,,,,,,
,,,,,,,,Place : Pune,,Place : Pune,,,,,,,,,,,,,,
,,,,,,,,,,,,,,,,,,,,,,,,
,,,,,,,,,,,,,,,,,,,,,,,,
,,,,,,,,,,,,,,,,,,,,,,,,
,,per Paul Alvares,,,,,,,,,,,,,,,,,,,,,,
,,Partner ,,,,,,Group CFO,,Company Secretary,,,,,,,,,,,,,,
,,Membership No : 105754,,,,,,Place : Chennai,,,,,,,,,,,,,,,,
,,Place : Pune,,,,,,,,Place : Pune,,,,,,,,,,,,,,
,,"Date : June 04, 2021",,,,,,"Date : June 04, 2021",,,,,,,,,,,,,,,,
,,                                                                                                                 ,,,,,,,,,,,,,,,,,,,,,,
,,                                                                                                    ,,,,,,,,,,,,,,,,,,,,,,
