,,,,,,,,,
,,,,,,,,,
,,,,,,,,,
,,,,,,,,,
,,,,,,,,,
,,,,,,,,,
,INFOBEANS TECHNOLOGIES LIMITED,,,,,,,,
,CIN - L72200MP2011PLC025622,,,,,,,,
,"Registered Office -Crystal IT Park, STP-I 2nd Floor, Ring Road, Indore MP 452001 IN",,,,,,,,
,"Website : www.infobeans.com, Email : investor.relations@infobeans.com, Contact No. : 0731 - 7162000, 2102",,,,,,,,
,,,,,,,,,
,Statement of audited Standalone Assets and Liabilities as at 31 March 2023,,,,,,,,
,,,,,,,,,
,,,,,,,,,(₹ In Lakhs)
,Particulars,,,,,,,As at,
,,,,,,,,31 March 2023,31 March 2022
,,,,,,,,(Audited) ,(Audited) 
,,,,,,,,,
,,Non-current assets,,,,,,,
,,,(a),"Property, plant and equipment",,,,1046,1280
,,,(b),Goodwill,,,, - , - 
,,,(b),Right-of-use asset,,,,426,469
,,,(c),Other intangible assets,,,,20,34
,,,(d),Investment in subsidiaries,,,,19852,19840
,,,(e),Financial assets,,,,,
,,,,i),Investments,,, - ,1215
,,,,ii),Other financial assets,,,80,76
,,,(f),Deferred tax assets (net),,,,1636,1679
,,,(g),Income tax assets (net),,,, - ,89
,,,(h),Other non-current assets,,,,8,6
,,,,,,,,,
,,Total non-current assets,,,,,,23068,24687
,,,,,,,,,
,,,,,,,,,
,,,,,,,,,
,,,,,,,,,
,,,,,,,,,
,,,,,,,,,
,,,,,,,,,
,,,,,,,,,
,,,,,,,,,
,,Current assets,,,,,,,
,,,(a),Financial assets,,,,,
,,,,i),Investments,,,1499,287
,,,,ii),Trade receivables,,,5093,5068
,,,,iii),Cash and cash equivalents,,,680,671
,,,,iv),Bank balances other than (iii) above,,,1121,770
,,,,v),Other financial assets,,,68,98
,,,(b),Other current assets,,,,201,237
,,,,,,,,,
,,Total current assets,,,,,,8662,7131
,,,,,,,,,
,,Total assets,,,,,,31730,31818
,,,,,,,,,
,,EQUITY AND LIABILITIES,,,,,,,
,,Equity,,,,,,,
,,,(a),Equity share capital,,,,2425,2417
,,,(b),Other equity,,,,21519,17890
,,,,,,,,,
,,Total equity,,,,,,23944,20307
,,,,,,,,,
,,Liabilities,,,,,,,
,,Non-current liabilities,,,,,,,
,,,(a),Financial liabilities,,,,,
,,,,i),Lease liabilities,,,251,236
,,,,ii),Other financial liabilities,,,3707,489
,,,(b),Provisions,,,,842,678
,,,(c),Deferred tax liability (net),,,, - , - 
,,Total non-current liabilities,,,,,,4800,1403
,,,,,,,,,
,,Current Liabilities,,,,,,,
,,,(a),Financial liabilities,,,,,
,,,,i),Borrowings,,, - ,1
,,,,ii),Lease liabilities,,,218,292
,,,,iii),Trade payables,,,,
,,,,,(a) Total outstanding dues of micro enterprises and small enterprises,,, - ,71
,,,,,(b) Total outstanding dues of creditors other than micro enterprises and small enterprises ,,,17,84
,,,,iv),Other financial liabilities,,,1670,9202
,,,(b),Other current liabilities,,,,627,278
,,,(c),Provisions,,,,296,180
,,,(d),Current tax liabilities (net),,,,158, - 
,,,,,,,,,
,,Total current liabilities,,,,,,2986,10108
,,,,,,,,,
,,Total equity and liabilities,,,,,,31730,31818
,Notes:,,,,,,,,
,,,,,,,,,
,,,,,,,,,
,,,,,,,,,
,,,,,,,,,
,,,,,,,,,
,,,,,,,,,
,,,,,,,,,
,,,,,,,,,
,,,,,,,,,
,,,,,,,,For and on Behalf of Board of Directors of,
,,,,,,,,InfoBeans Technologies Limited,
,,,,,,,,,
,,,,,,,,,
,,,,,,,,,
,,,,,,,,,
,,,,,,,,,
,,,,,,,,Avinash Sethi,
,Place : Indore,,,,,,,     Director & Chief Financial Officer,
,"Dated: November 04, 2022",,,,,,,DIN : 01548292,
,,,,,,,,,
,,,,,,,,,
,,,,,,,,,
,,,,,,,,,
,,,,,,,,,
,,,,,,,,,
,,,,,,,,,
,,,,,,,,,
,,,,,,,,,
,,,,,,,,,
,,,,,,,,,
,,,,,,,,,
,,,,,,,,,
,,,,,,,,0, (0)
