,,,,,,,,,,,,,,
,,,,,,,,,,,,,,
,,,,,,,,,,,,,,
,,,,,,,,,,,,,,
,,,,,,,,,,,,,,
,,,,,,,,,,,,,,
,INFOBEANS TECHNOLOGIES LIMITED,,,,,,,,,,,,,
,CIN - L72200MP2011PLC025622,,,,,,,,,,,,,
,"Registered Office -	Crystal IT Park, STP-I 2nd Floor, Ring Road, Indore MP 452001 IN",,,,,,,,,,,,,
,"Website : www.infobeans.com, Email : investor.relations@infobeans.com, Contact No. : 0731 - 7162000, 2102",,,,,,,,,,,,,
,,,,,,,,,,,,,,
,Statement of audited standalone financial results for the quarter and year ended 31 March 2023,,,,,,,,,,,,,
,,,,,,,,,,,,,,
,,,,,,,,,,,,(₹ In Lakhs except per share Data),,
,Particulars,,,,,,,Quarter Ended,,,Year Ended,,,
,,,,,,,,31 March 2023,31 December 2022,31 March 2022,31 March 2023,31 March 2022,,9 months ended December
,,,,,,,,(Audited) ,(Unaudited),(Audited) ,(Audited) ,(Audited) ,,
,,,,,,,,Refer Note 2,,,,,,
,,Income,,,,,,,,,,,,
,I,Revenue from operations,,,,,," 5,992 "," 6,222 "," 4,809 "," 24,283 "," 15,892 ",," 18,291 "
,II,Other income (Refer note 4),,,,,, 340 , 155 , 116 , 552 , 668 ,, 212 
,,Finance Income,,,,,,,,, -   ,,,
,,,,,,,,,,,,,,
,III,Total income (I+II),,,,,," 6,332 "," 6,377 "," 4,925 "," 24,835 "," 16,560 ",," 18,503 "
,,,,,,,,,,,,,,
,,Expenses,,,,,,,,,,,,
,,a),Employee benefits expense,,,,," 4,435 "," 3,949 "," 3,236 "," 16,202 "," 10,882 ",," 11,767 "
,,b),Finance costs,,,,, 147 , 144 , 194 , 642 , 242 ,, 495 
,,c),Depreciation and amortisation expense,,,,, 176 , 175 , 161 , 693 , 595 ,, 517 
,,d),Other expenses,,,,, 609 , 683 , 645 ," 2,789 "," 1,699 ",," 2,180 "
,,,,,,,,,,,,,,
,IV,Total expenses,,,,,," 5,367 "," 4,951 "," 4,236 "," 20,326 "," 13,418 ",," 14,959 "
,,,,,,,,,,,,,,
,V,Profit before tax(III-IV),,,,,, 965 ," 1,426 ", 689 ," 4,509 "," 3,142 ",," 3,544 "
,,,,,,,,,,,,,,
,VI,Exceptional Items,,,,,, -   ,,,,,,
,,,,,,,,,,,,,,
,VII,Profit before extraordinary item and tax(V-VI),,,,,, 965 ," 1,426 ", 689 ," 4,509 "," 3,142 ",," 3,544 "
,,,,,,,,,,,,,,
,VIII,Extraordinary Item,,,,,, -   ,,,,,,
,,,,,,,,,,,,,,
,IX,Profit Before Tax (VII-VIII),,,,,, 965 ," 1,426 ", 689 ," 4,509 "," 3,142 ",," 3,544 "
,,,,,,,,,,,,,,
,,,,,,,,,,,,,,
,VI,Tax expense,,,,,,,,,,,,
,,Current tax,,,,,, 136 , 461 , 128 , 870 , 586 ,, 734 
,,Short/(excess) provision in respect of earlier year,,,,,, (27), -   , -   , (27), -   ,,
,,MAT credit entitlement,,,,,,,,,,,,
,,Current Tax,,,,,,,,, -   , -   ,,
,,Deferred tax,,,,,, 75 , (266), (137), (16), (221),, (91)
,,Total tax expenses,,,,,, 183 , 195 , (9), 826 , 365 ,, 643 
,,,,,,,,,,,,,,
,VII,Profit for the period (V-VI),,,,,, 782 ," 1,231 ", 698 ," 3,683 "," 2,777 ",," 2,901 "
,,,,,,,,,,,,,,
,XII,Profit/(Loss) from discontinuing operations,,,,,, -   ,, -   ,, -   ,, -   
,XIII,Tax expenses of discontinuing operations,,,,,, -   ,, -   ,, -   ,, -   
,XIV,Profit/(Loss) from discontinuing operations(after tax)(XII-XIII),,,,,, -   ,, -   ,, -   ,, -   
,,,,,,,,,,,,,,
,XV,Profit/(Loss) for the period(XI+XIV),,,,,, 782 ," 1,231 ", 698 ," 3,683 "," 2,777 ",," 2,901 "
,,,,,,,,,,,,,,
,VIII,Other comprehensive income,,,,,,,,,,,,
,,Items that will not be reclassified to profit or loss in subsequent periods,,,,,,,,,,,,
,, - ,Remeasurement of the defined benefit obligations,,,,, 12 , 7 , (43), (50), (61),, (62)
,, - ,Income tax relating to above,,,,, (3), (2), 13 , 15 , 18 ,, 18 
,,,,,,,,,,,,,,
,,Items that will be reclassified to profit or loss in subsequent periods,,,,,,,,,,,,
,,- Exchange differences in translating the financial statements of foreign operations,,,,,,,,, -   , -   ,,
,,,,,,,,,,,,,,
,IX,Total other comprehensive income,,,,,, 9 , 5 , (30), (35), (43),, (44)
,,,,,,,,,,,,,,
,X,Total comprehensive income for the period (VII + IX),,,,,, 790 ," 1,236 ", 668 ," 3,647 "," 2,734 ",," 2,857 "
,,,,,,,,,,,,,,
,XI,Paid-Up equity share capital,,,,,," 2,425.08 "," 2,425.08 "," 2,417.10 "," 2,425.08 "," 2,417.10 ",," 2,425.08 "
,,(Face value of the Share is Rs.10 per share),,,,,,,,,,,,
,,,,,,,,,,,,,,
,XII,Reserves excluding revaluation reserves as per the balance sheet of previous accounting year,,,,,,,,," 21,519 "," 17,890 ",," 17,890 "
,,,,,,,,,,,,,,
,XIII,Earnings per share (of Rs 10/- each) (not annualised),,,,,,,,,,,,
,,,(1) Basic (₹),,,,, 3.22 , 3.86 , 2.89 , 15.18 , 11.49 ,, 11.97 
,,,(2) Diluted (₹),,,,, 3.20 , 3.83 , 2.87 , 15.09 , 11.40 ,, 11.90 
,,*Earning per share is not annualised for the interim period,,,,,,,,,,,,
,,,,,,,,,,,,,,
,,,,,,,,,,,,,,
,,,,,,,,,,,,,,
,,,,,,,,,,,,,,
,,,,,,,,,,,,,,
,,,,,,,,,,,,,,
,,,,,,,,,,,,,,
,,,,,,,,,,,,,,
,,,,,,,,,,,,,,
,,,,,,,,,,,,,,
,,,,,,,,,,,,,,
,,,,,,,,,,,,,,
,,,,,,,,,,,,,,
,,,,,,,,,,,,,,
,,,,,,,,,,,,,,
,,,,,,,,,,,,,,
,,,,,,,,,,,,,,
,,,,,,,,,,,,,,
,,,,,,,,,,,,,,
,,,,,,,,,,,,,,
,,,,,,,,,,,,,,
,,,,,,,,,,,,,,
,,,,,,,,,,,,,,
,,,,,,,,,,,,,,
,,,,,,,,242.5179,242.2799,241.70989,242.5179,241.70989,,
,,,,,,,, 244.04 ,,243.627084850253, 244.04 ,243.627084850253,,
