TABLE 9,,,,,,,,,
,,,,,,,,,
,,,,,,,,,
,,,,,,,,,
,,,,,,,,,
,,,,,,,,,
,,,,,,,,,
,,,,,,,,,
,,,,,,,,,
,,,,,,,,,
,,,,,,,,,
,,,,,,,,,
,,,,,,,,,
,,,,,,,,,
,Particulars,,,,,,,,
,,,,,,,,For the quarter ended 31 March 2022,For the year ended 31 March 2022
,,,,,,,,,
,,,,,,,,,
,,Consolidated statement of profit and loss,,,,,,,
,,Employee benefits expense,,,,,,175,175
,,Depreciation and amortisation expense,,,,,,( 228 ),( 230 )
,,Income tax expense,,,,,,16,63
,,Profit / ( loss ) for the period,,,,,,37,( 8 )
,,Impact on EPS :,,,,,,,
,,( 1 ) Basic ( 3 ),,,,,,0.15,( 0.06 )
,,( 2 ) Diluted ( 3 ),,,,,,0.14,( 0.05 )
,,,,,,,,,
,,,,,,,,,
,,TABLE 10,,,,,,,
,,,,,,,,,
,,,,,,,,,"As at 31
March 2022"
,,Consolidated statement of assets and liabilities,,,,,,,
,,Right - of - use asset,,,,,,,380
,,Goodwill,,,,,,,3286
,,Other Intangible assets,,,,,,,"( 4,061 )"
,,Other equity,,,,,,,123
,,Lease liabilities,,,,,,,273
,,Deferred tax liabilities,,,,,,,( 966 )
,,Other current liabilities,,,,,,,175
,,,,,,,,,
,,,,,,,,,
,,TABLE 11,,,,,,,
,,,,,,,,,
,,Place,,,,,,Indore,
,,Dated :,,,,,,12 May 2023,
